<?xml version="1.0" encoding="utf-8"?>
<pindata xsi:schemaLocation="http://cypress.com/xsd/cypindata_v1 ../../dtd/cypindata_v1.xsd" family="PSoC3_Leopard" package="100-TQFP" xmlns:xsi="http://www.w3.org/2001/XMLSchema-instance" xmlns="http://cypress.com/xsd/cypindata_v1">
  <capabilities>
    <capability name="NONE" value="0x0000000000000000" />
    <capability name="DIGITAL" value="0x0000000000000001" />
    <capability name="ANALOG" value="0x0000000000000002" />
    <capability name="GPIO" value="0x0000000000000004" />
    <capability name="SIO" value="0x0000000000000008" />
    <capability name="DAC_HI_OUT" value="0x0000000000000010" />
    <capability name="ABUF_POS" value="0x0000000000000020" />
    <capability name="ABUF_OUT" value="0x0000000000000040" />
    <capability name="ABUF_NEG" value="0x0000000000000080" />
    <capability name="XRES" value="0x0000000000000100" />
    <capability name="SWD_IO" value="0x0000000000000200" />
    <capability name="SWD_CK" value="0x0000000000000400" />
    <capability name="JTAG_NTRST" value="0x0000000000000800" />
    <capability name="I2CWKUP_SDA" value="0x0000000000001000" />
    <capability name="I2CWKUP_SCL" value="0x0000000000002000" />
    <capability name="EXT_VREF" value="0x0000000000004000" />
    <capability name="USB_D_PLUS" value="0x0000000000008000" />
    <capability name="USB_D_MINUS" value="0x0000000000010000" />
    <capability name="SWO" value="0x0000000000020000" />
    <capability name="JTAG_TMS" value="0x0000000000040000" />
    <capability name="JTAG_TDO" value="0x0000000000080000" />
    <capability name="JTAG_TDI" value="0x0000000000100000" />
    <capability name="JTAG_TCK" value="0x0000000000200000" />
    <capability name="ECO_MHZ_XO" value="0x0000000000400000" />
    <capability name="ECO_MHZ_XI" value="0x0000000000800000" />
    <capability name="ECO_32KHZ_XO" value="0x0000000001000000" />
    <capability name="ECO_32KHZ_XI" value="0x0000000002000000" />
    <capability name="DSM_EXT_PIN_ONE" value="0x0000000004000000" />
    <capability name="DSM_EXT_PIN_TWO" value="0x0000000008000000" />
    <capability name="SAR_EXT_PIN" value="0x0000000010000000" />
    <capability name="TRACE" value="0x0000000020000000" />
    <capability name="SPI_MOSI" value="0x0000000040000000" />
    <capability name="SPI_MISO" value="0x0000000080000000" />
    <capability name="SPI_SS" value="0x0000000100000000" />
    <capability name="SPI_SCLK" value="0x0000000200000000" />
    <capability name="EXTSYNC" value="0x0000000400000000" />
    <capability name="EXTREJECT" value="0x0000000800000000" />
    <capability name="EXTCLK" value="0x0000001000000000" />
    <capability name="TCPWM_P" value="0x0000002000000000" />
    <capability name="TCPWM_N" value="0x0000004000000000" />
    <capability name="SCB_UART_RX" value="0x0000008000000000" />
    <capability name="SCB_UART_TX" value="0x0000010000000000" />
  </capabilities>
  <pins>
    <pin number="1" name="P2[5]" pinSide="WEST" padSide="SOUTH" portId="2" pinId="5" ioSupplyPin="Vio2" ioSupplyPinNo="100" capabilities="0x0000000000000007" pads="1" />
    <pin number="2" name="P2[6]" pinSide="WEST" padSide="SOUTH" portId="2" pinId="6" ioSupplyPin="Vio2" ioSupplyPinNo="100" capabilities="0x0000000000000007" pads="2" />
    <pin number="3" name="P2[7]" pinSide="WEST" padSide="SOUTH" portId="2" pinId="7" ioSupplyPin="Vio2" ioSupplyPinNo="100" capabilities="0x0000000000000007" pads="3" />
    <pin number="4" name="P12[4]" pinSide="WEST" padSide="SOUTH" portId="12" pinId="4" ioSupplyPin="Vio2" ioSupplyPinNo="100" capabilities="0x0000000000002009" relatedPinType="I2C1" pads="4" />
    <pin number="5" name="P12[5]" pinSide="WEST" padSide="SOUTH" portId="12" pinId="5" ioSupplyPin="Vio2" ioSupplyPinNo="100" capabilities="0x0000000000001009" relatedPinType="I2C1" pads="5" />
    <pin number="6" name="P6[4]" pinSide="WEST" padSide="SOUTH" portId="6" pinId="4" ioSupplyPin="Vio2" ioSupplyPinNo="100" capabilities="0x0000000000000007" pads="6" />
    <pin number="7" name="P6[5]" pinSide="WEST" padSide="SOUTH" portId="6" pinId="5" ioSupplyPin="Vio2" ioSupplyPinNo="100" capabilities="0x0000000000000007" pads="7" />
    <pin number="8" name="P6[6]" pinSide="WEST" padSide="SOUTH" portId="6" pinId="6" ioSupplyPin="Vio2" ioSupplyPinNo="100" capabilities="0x0000000000000007" pads="8" />
    <pin number="9" name="P6[7]" pinSide="WEST" padSide="SOUTH" portId="6" pinId="7" ioSupplyPin="Vio2" ioSupplyPinNo="100" capabilities="0x0000000000000007" pads="9" />
    <pin number="10" name="Vssb" pinSide="WEST" padSide="SOUTH" powerPadNames="Vssb" capabilities="0x0000000000000000" pads="10;11" />
    <pin number="11" name="Ind" pinSide="WEST" padSide="SOUTH" powerPadNames="Ind" capabilities="0x0000000000000000" pads="12;13" />
    <pin number="12" name="Vb" pinSide="WEST" padSide="SOUTH" powerPadNames="Vb" capabilities="0x0000000000000000" pads="14;15" />
    <pin number="13" name="Vbat" pinSide="WEST" padSide="SOUTH" powerPadNames="Vbat" capabilities="0x0000000000000000" pads="16" />
    <pin number="14" name="Vssd" pinSide="WEST" padSide="SOUTH" powerPadNames="Vssd" capabilities="0x0000000000000000" pads="18;19" />
    <pin number="15" name="XRES_N" pinSide="WEST" padSide="SOUTH" ioSupplyPin="Vio1" ioSupplyPinNo="26" powerPadNames="XRES_N" capabilities="0x0000000000000100" pads="20" />
    <pin number="16" name="P5[0]" pinSide="WEST" padSide="SOUTH" portId="5" pinId="0" ioSupplyPin="Vio1" ioSupplyPinNo="26" capabilities="0x0000000000000007" pads="21" />
    <pin number="17" name="P5[1]" pinSide="WEST" padSide="SOUTH" portId="5" pinId="1" ioSupplyPin="Vio1" ioSupplyPinNo="26" capabilities="0x0000000000000007" pads="22" />
    <pin number="18" name="P5[2]" pinSide="WEST" padSide="SOUTH" portId="5" pinId="2" ioSupplyPin="Vio1" ioSupplyPinNo="26" capabilities="0x0000000000000007" pads="23" />
    <pin number="19" name="P5[3]" pinSide="WEST" padSide="SOUTH" portId="5" pinId="3" ioSupplyPin="Vio1" ioSupplyPinNo="26" capabilities="0x0000000000000007" pads="24" />
    <pin number="20" name="P1[0]" pinSide="WEST" padSide="SOUTH" portId="1" pinId="0" ioSupplyPin="Vio1" ioSupplyPinNo="26" capabilities="0x0000000000040207" pads="25" />
    <pin number="21" name="P1[1]" pinSide="WEST" padSide="SOUTH" portId="1" pinId="1" ioSupplyPin="Vio1" ioSupplyPinNo="26" capabilities="0x0000000000200407" pads="26" />
    <pin number="22" name="P1[2]" pinSide="WEST" padSide="SOUTH" portId="1" pinId="2" ioSupplyPin="Vio1" ioSupplyPinNo="26" capabilities="0x0000000000000107" pads="27" />
    <pin number="23" name="P1[3]" pinSide="WEST" padSide="SOUTH" portId="1" pinId="3" ioSupplyPin="Vio1" ioSupplyPinNo="26" capabilities="0x00000000000A0007" pads="28" />
    <pin number="24" name="P1[4]" pinSide="WEST" padSide="SOUTH" portId="1" pinId="4" ioSupplyPin="Vio1" ioSupplyPinNo="26" capabilities="0x0000000000100007" pads="29" />
    <pin number="25" name="P1[5]" pinSide="WEST" padSide="SOUTH" portId="1" pinId="5" ioSupplyPin="Vio1" ioSupplyPinNo="26" capabilities="0x0000000000000807" pads="30" />
    <pin number="26" name="Vio1" pinSide="SOUTH" padSide="SOUTH" ioSupplyPin="Vio1" ioSupplyPinNo="26" powerPadNames="Vio1" capabilities="0x0000000000000000" pads="31" />
    <pin number="27" name="P1[6]" pinSide="SOUTH" padSide="EAST" portId="1" pinId="6" ioSupplyPin="Vio1" ioSupplyPinNo="26" capabilities="0x0000000000000007" pads="32" />
    <pin number="28" name="P1[7]" pinSide="SOUTH" padSide="EAST" portId="1" pinId="7" ioSupplyPin="Vio1" ioSupplyPinNo="26" capabilities="0x0000000000000007" pads="33" />
    <pin number="29" name="P12[6]" pinSide="SOUTH" padSide="EAST" portId="12" pinId="6" ioSupplyPin="Vio1" ioSupplyPinNo="26" capabilities="0x0000000000000009" pads="34" />
    <pin number="30" name="P12[7]" pinSide="SOUTH" padSide="EAST" portId="12" pinId="7" ioSupplyPin="Vio1" ioSupplyPinNo="26" capabilities="0x0000000000000009" pads="35" />
    <pin number="31" name="P5[4]" pinSide="SOUTH" padSide="EAST" portId="5" pinId="4" ioSupplyPin="Vio1" ioSupplyPinNo="26" capabilities="0x0000000000000007" pads="36" />
    <pin number="32" name="P5[5]" pinSide="SOUTH" padSide="EAST" portId="5" pinId="5" ioSupplyPin="Vio1" ioSupplyPinNo="26" capabilities="0x0000000000000007" pads="37" />
    <pin number="33" name="P5[6]" pinSide="SOUTH" padSide="EAST" portId="5" pinId="6" ioSupplyPin="Vio1" ioSupplyPinNo="26" capabilities="0x0000000000000007" pads="38" />
    <pin number="34" name="P5[7]" pinSide="SOUTH" padSide="EAST" portId="5" pinId="7" ioSupplyPin="Vio1" ioSupplyPinNo="26" capabilities="0x0000000000000007" pads="39" />
    <pin number="35" name="P15[6]" pinSide="SOUTH" padSide="EAST" portId="15" pinId="6" ioSupplyPin="Vusb" ioSupplyPinNo="37" capabilities="0x0000000000008201" relatedPinType="USB" pads="40" />
    <pin number="36" name="P15[7]" pinSide="SOUTH" padSide="EAST" portId="15" pinId="7" ioSupplyPin="Vusb" ioSupplyPinNo="37" capabilities="0x0000000000010401" relatedPinType="USB" pads="41" />
    <pin number="37" name="Vddd" pinSide="SOUTH" padSide="EAST" powerPadNames="Vusb;Vddd" capabilities="0x0000000000000000" pads="42;43;44" />
    <pin number="38" name="Vssd" pinSide="SOUTH" padSide="EAST" powerPadNames="Vssd" capabilities="0x0000000000000000" pads="45;46;47" />
    <pin number="39" name="Vccd" pinSide="SOUTH" padSide="EAST" powerPadNames="Vccd" capabilities="0x0000000000000000" pads="48;49" />
    <pin number="40" name="n/c" pinSide="SOUTH" padSide="NONE" capabilities="0x0000000000000000" />
    <pin number="41" name="n/c" pinSide="SOUTH" padSide="NONE" capabilities="0x0000000000000000" />
    <pin number="42" name="P15[0]" pinSide="SOUTH" padSide="EAST" portId="15" pinId="0" ioSupplyPin="Vio3" ioSupplyPinNo="50" capabilities="0x0000000000400007" relatedPinType="MHZ" pads="50" />
    <pin number="43" name="P15[1]" pinSide="SOUTH" padSide="EAST" portId="15" pinId="1" ioSupplyPin="Vio3" ioSupplyPinNo="50" capabilities="0x0000000000800007" relatedPinType="MHZ" pads="51" />
    <pin number="44" name="P3[0]" pinSide="SOUTH" padSide="EAST" portId="3" pinId="0" ioSupplyPin="Vio3" ioSupplyPinNo="50" capabilities="0x0000000000000017" relatedPinType="IDAC1" pads="52" />
    <pin number="45" name="P3[1]" pinSide="SOUTH" padSide="EAST" portId="3" pinId="1" ioSupplyPin="Vio3" ioSupplyPinNo="50" capabilities="0x0000000000000017" relatedPinType="IDAC3" pads="53" />
    <pin number="46" name="P3[2]" pinSide="SOUTH" padSide="EAST" portId="3" pinId="2" ioSupplyPin="Vio3" ioSupplyPinNo="50" capabilities="0x0000000008004087" relatedPinType="ABUF3" pads="54" />
    <pin number="47" name="P3[3]" pinSide="SOUTH" padSide="EAST" portId="3" pinId="3" ioSupplyPin="Vio3" ioSupplyPinNo="50" capabilities="0x0000000000000027" relatedPinType="ABUF3" pads="55" />
    <pin number="48" name="P3[4]" pinSide="SOUTH" padSide="EAST" portId="3" pinId="4" ioSupplyPin="Vio3" ioSupplyPinNo="50" capabilities="0x0000000000000087" relatedPinType="ABUF1" pads="56" />
    <pin number="49" name="P3[5]" pinSide="SOUTH" padSide="EAST" portId="3" pinId="5" ioSupplyPin="Vio3" ioSupplyPinNo="50" capabilities="0x0000000000000027" relatedPinType="ABUF1" pads="57" />
    <pin number="50" name="Vio3" pinSide="SOUTH" padSide="EAST" ioSupplyPin="Vio3" ioSupplyPinNo="50" powerPadNames="Vio3" capabilities="0x0000000000000000" pads="58" />
    <pin number="51" name="P3[6]" pinSide="EAST" padSide="NORTH" portId="3" pinId="6" ioSupplyPin="Vio3" ioSupplyPinNo="50" capabilities="0x0000000000000047" relatedPinType="ABUF1" pads="59" />
    <pin number="52" name="P3[7]" pinSide="EAST" padSide="NORTH" portId="3" pinId="7" ioSupplyPin="Vio3" ioSupplyPinNo="50" capabilities="0x0000000000000047" relatedPinType="ABUF3" pads="60" />
    <pin number="53" name="P12[0]" pinSide="EAST" padSide="NORTH" portId="12" pinId="0" ioSupplyPin="Vio3" ioSupplyPinNo="50" capabilities="0x0000000000002009" relatedPinType="I2C2" pads="61" />
    <pin number="54" name="P12[1]" pinSide="EAST" padSide="NORTH" portId="12" pinId="1" ioSupplyPin="Vio3" ioSupplyPinNo="50" capabilities="0x0000000000001009" relatedPinType="I2C2" pads="62" />
    <pin number="55" name="P15[2]" pinSide="EAST" padSide="NORTH" portId="15" pinId="2" ioSupplyPin="Vio3" ioSupplyPinNo="50" capabilities="0x0000000001000007" relatedPinType="KHZ" pads="63" />
    <pin number="56" name="P15[3]" pinSide="EAST" padSide="NORTH" portId="15" pinId="3" ioSupplyPin="Vio3" ioSupplyPinNo="50" capabilities="0x0000000002000007" relatedPinType="KHZ" pads="64" />
    <pin number="57" name="n/c" pinSide="EAST" padSide="NONE" capabilities="0x0000000000000000" />
    <pin number="58" name="n/c" pinSide="EAST" padSide="NONE" capabilities="0x0000000000000000" />
    <pin number="59" name="n/c" pinSide="EAST" padSide="NONE" capabilities="0x0000000000000000" />
    <pin number="60" name="n/c" pinSide="EAST" padSide="NONE" capabilities="0x0000000000000000" />
    <pin number="61" name="n/c" pinSide="EAST" padSide="NONE" capabilities="0x0000000000000000" />
    <pin number="62" name="n/c" pinSide="EAST" padSide="NONE" capabilities="0x0000000000000000" />
    <pin number="63" name="Vcca" pinSide="EAST" padSide="NORTH" powerPadNames="Vcca" capabilities="0x0000000000000000" pads="65" />
    <pin number="64" name="Vssa" pinSide="EAST" padSide="NORTH" powerPadNames="Vssa" capabilities="0x0000000000000000" pads="66;67" />
    <pin number="65" name="Vdda" pinSide="EAST" padSide="NORTH" powerPadNames="Vdda" capabilities="0x0000000000000000" pads="68;69" />
    <pin number="66" name="Vssd" pinSide="EAST" padSide="NORTH" powerPadNames="Vssd" capabilities="0x0000000000000000" pads="70;71" />
    <pin number="67" name="P12[2]" pinSide="EAST" padSide="NORTH" portId="12" pinId="2" ioSupplyPin="Vio0" ioSupplyPinNo="75" capabilities="0x0000000000000009" pads="72" />
    <pin number="68" name="P12[3]" pinSide="EAST" padSide="NORTH" portId="12" pinId="3" ioSupplyPin="Vio0" ioSupplyPinNo="75" capabilities="0x0000000000000009" pads="73" />
    <pin number="69" name="P4[0]" pinSide="EAST" padSide="NORTH" portId="4" pinId="0" ioSupplyPin="Vio0" ioSupplyPinNo="75" capabilities="0x0000000000000007" pads="74" />
    <pin number="70" name="P4[1]" pinSide="EAST" padSide="NORTH" portId="4" pinId="1" ioSupplyPin="Vio0" ioSupplyPinNo="75" capabilities="0x0000000000000007" pads="75" />
    <pin number="71" name="P0[0]" pinSide="EAST" padSide="NORTH" portId="0" pinId="0" ioSupplyPin="Vio0" ioSupplyPinNo="75" capabilities="0x0000000000000047" relatedPinType="ABUF2" pads="76" />
    <pin number="72" name="P0[1]" pinSide="EAST" padSide="NORTH" portId="0" pinId="1" ioSupplyPin="Vio0" ioSupplyPinNo="75" capabilities="0x0000000000000047" relatedPinType="ABUF0" pads="77" />
    <pin number="73" name="P0[2]" pinSide="EAST" padSide="NORTH" portId="0" pinId="2" ioSupplyPin="Vio0" ioSupplyPinNo="75" capabilities="0x0000000000000027" relatedPinType="ABUF0" pads="78" />
    <pin number="74" name="P0[3]" pinSide="EAST" padSide="NORTH" portId="0" pinId="3" ioSupplyPin="Vio0" ioSupplyPinNo="75" capabilities="0x0000000004004087" relatedPinType="ABUF0" pads="79" />
    <pin number="75" name="Vio0" pinSide="EAST" padSide="WEST" ioSupplyPin="Vio0" ioSupplyPinNo="75" powerPadNames="Vio0" capabilities="0x0000000000000000" pads="80" />
    <pin number="76" name="P0[4]" pinSide="NORTH" padSide="WEST" portId="0" pinId="4" ioSupplyPin="Vio0" ioSupplyPinNo="75" capabilities="0x0000000000000027" relatedPinType="ABUF2" pads="81" />
    <pin number="77" name="P0[5]" pinSide="NORTH" padSide="WEST" portId="0" pinId="5" ioSupplyPin="Vio0" ioSupplyPinNo="75" capabilities="0x0000000000000087" relatedPinType="ABUF2" pads="82" />
    <pin number="78" name="P0[6]" pinSide="NORTH" padSide="WEST" portId="0" pinId="6" ioSupplyPin="Vio0" ioSupplyPinNo="75" capabilities="0x0000000000000017" relatedPinType="IDAC0" pads="83" />
    <pin number="79" name="P0[7]" pinSide="NORTH" padSide="WEST" portId="0" pinId="7" ioSupplyPin="Vio0" ioSupplyPinNo="75" capabilities="0x0000000000000017" relatedPinType="IDAC2" pads="84" />
    <pin number="80" name="P4[2]" pinSide="NORTH" padSide="WEST" portId="4" pinId="2" ioSupplyPin="Vio0" ioSupplyPinNo="75" capabilities="0x0000000000000007" pads="85" />
    <pin number="81" name="P4[3]" pinSide="NORTH" padSide="WEST" portId="4" pinId="3" ioSupplyPin="Vio0" ioSupplyPinNo="75" capabilities="0x0000000000000007" pads="86" />
    <pin number="82" name="P4[4]" pinSide="NORTH" padSide="WEST" portId="4" pinId="4" ioSupplyPin="Vio0" ioSupplyPinNo="75" capabilities="0x0000000000000007" pads="87" />
    <pin number="83" name="P4[5]" pinSide="NORTH" padSide="WEST" portId="4" pinId="5" ioSupplyPin="Vio0" ioSupplyPinNo="75" capabilities="0x0000000000000007" pads="88" />
    <pin number="84" name="P4[6]" pinSide="NORTH" padSide="WEST" portId="4" pinId="6" ioSupplyPin="Vio0" ioSupplyPinNo="75" capabilities="0x0000000000000007" pads="89" />
    <pin number="85" name="P4[7]" pinSide="NORTH" padSide="WEST" portId="4" pinId="7" ioSupplyPin="Vio0" ioSupplyPinNo="75" capabilities="0x0000000000000007" pads="90" />
    <pin number="86" name="Vccd" pinSide="NORTH" padSide="WEST" powerPadNames="Vccd" capabilities="0x0000000000000000" pads="91;92" />
    <pin number="87" name="Vssd" pinSide="NORTH" padSide="WEST" powerPadNames="Vssd" capabilities="0x0000000000000000" pads="93;94;95" />
    <pin number="88" name="Vddd" pinSide="NORTH" padSide="WEST" powerPadNames="Vddd" capabilities="0x0000000000000000" pads="96;97" />
    <pin number="89" name="P6[0]" pinSide="NORTH" padSide="WEST" portId="6" pinId="0" ioSupplyPin="Vio2" ioSupplyPinNo="100" capabilities="0x0000000000000007" pads="98" />
    <pin number="90" name="P6[1]" pinSide="NORTH" padSide="WEST" portId="6" pinId="1" ioSupplyPin="Vio2" ioSupplyPinNo="100" capabilities="0x0000000000000007" pads="99" />
    <pin number="91" name="P6[2]" pinSide="NORTH" padSide="WEST" portId="6" pinId="2" ioSupplyPin="Vio2" ioSupplyPinNo="100" capabilities="0x0000000000000007" pads="100" />
    <pin number="92" name="P6[3]" pinSide="NORTH" padSide="WEST" portId="6" pinId="3" ioSupplyPin="Vio2" ioSupplyPinNo="100" capabilities="0x0000000000000007" pads="101" />
    <pin number="93" name="P15[4]" pinSide="NORTH" padSide="WEST" portId="15" pinId="4" ioSupplyPin="Vio2" ioSupplyPinNo="100" capabilities="0x0000000000000007" pads="102" />
    <pin number="94" name="P15[5]" pinSide="NORTH" padSide="WEST" portId="15" pinId="5" ioSupplyPin="Vio2" ioSupplyPinNo="100" capabilities="0x0000000000000007" pads="103" />
    <pin number="95" name="P2[0]" pinSide="NORTH" padSide="WEST" portId="2" pinId="0" ioSupplyPin="Vio2" ioSupplyPinNo="100" capabilities="0x0000000000000007" pads="106" />
    <pin number="96" name="P2[1]" pinSide="NORTH" padSide="WEST" portId="2" pinId="1" ioSupplyPin="Vio2" ioSupplyPinNo="100" capabilities="0x0000000000000007" pads="107" />
    <pin number="97" name="P2[2]" pinSide="NORTH" padSide="WEST" portId="2" pinId="2" ioSupplyPin="Vio2" ioSupplyPinNo="100" capabilities="0x0000000000000007" pads="108" />
    <pin number="98" name="P2[3]" pinSide="NORTH" padSide="WEST" portId="2" pinId="3" ioSupplyPin="Vio2" ioSupplyPinNo="100" capabilities="0x0000000000000007" pads="109" />
    <pin number="99" name="P2[4]" pinSide="NORTH" padSide="WEST" portId="2" pinId="4" ioSupplyPin="Vio2" ioSupplyPinNo="100" capabilities="0x0000000000000007" pads="110" />
    <pin number="100" name="Vio2" pinSide="NORTH" padSide="WEST" ioSupplyPin="Vio2" ioSupplyPinNo="100" powerPadNames="Vio2" capabilities="0x0000000000000000" pads="111" />
  </pins>
</pindata>